id,name,email,gender,age
1,Eyde,etims0@blogger.com,Female,45
2,Virgilio,vgosby1@ovh.net,Male,72
3,Bartholomew,borme2@vistaprint.com,Male,29
4,Magnum,mtimlett3@squarespace.com,Male,43
5,Athena,areade4@bandcamp.com,Female,56
6,Lonnard,lfavell5@imageshack.us,Male,29
7,Melly,mbirmingham6@hc360.com,Female,43
8,Kinny,kcristobal7@weebly.com,Male,73
9,Iseabal,ikiessel8@example.com,Female,13
10,Gabie,gkissick9@nymag.com,Female,53
11,Rey,rholburna@timesonline.co.uk,Female,52
12,Estele,eohenehanb@sciencedirect.com,Female,71
13,Anselm,acartmaelc@alexa.com,Male,47
14,Maisey,mirnysd@patch.com,Female,49
15,Leontine,lgaliere@jalbum.net,Female,55
16,Burke,bhaugehf@baidu.com,Male,57
17,Trumann,tbidewelg@wisc.edu,Male,76
18,Dave,dwestwellh@amazon.co.uk,Male,85
19,Jill,jclemintonii@forbes.com,Female,76
20,Rodolph,rlaxonj@google.co.jp,Polygender,62
21,Aileen,abertomeuk@t-online.de,Female,16
22,Martie,msunderlandl@dailymail.co.uk,Genderfluid,35
23,Zechariah,zbarracloughm@bing.com,Male,20
24,Cody,cglassonn@google.de,Male,17
25,Angelita,abarruso@studiopress.com,Female,82
26,Kippie,kstopherp@opensource.org,Female,55
27,Stu,sillidgeq@army.mil,Genderqueer,37
28,Polly,preiskr@rediff.com,Female,47
29,Zuzana,zhorrigans@theglobeandmail.com,Female,85
30,Terrance,tspurgeont@geocities.com,Male,33
31,Nahum,npiwallu@springer.com,Polygender,15
32,Corliss,cflintv@hao123.com,Female,15
33,Padget,prookesbyw@prweb.com,Male,5
34,Ariella,aparkinsx@behance.net,Female,18
35,Horton,hstoty@simplemachines.org,Male,88
36,Austin,acobainz@irs.gov,Female,88
37,Aubrey,aattwooll10@unicef.org,Male,48
38,Hyacinthe,hgarnsworth11@topsy.com,Female,27
39,Ainsley,agarbutt12@pen.io,Female,88
40,Dalis,dbergeon13@nymag.com,Male,19
41,Burlie,bscottini14@bing.com,Male,45
42,Carly,clenihan15@yale.edu,Male,7
43,Bevan,bkingzet16@altervista.org,Male,5
44,Parke,psteljes17@i2i.jp,Male,62
45,Dasya,dalfwy18@adobe.com,Female,63
46,Ollie,obirch19@taobao.com,Female,56
47,Otto,ojeffryes1a@who.int,Male,57
48,Joellyn,jhawkin1b@people.com.cn,Female,18
49,Grannie,gkleint1c@census.gov,Male,37
50,Melisande,mfreestone1d@hao123.com,Female,57
51,Selena,stome1e@usnews.com,Female,23
52,Madelyn,mmathivon1f@moonfruit.com,Genderqueer,54
53,Eadmund,emeynell1g@sina.com.cn,Polygender,53
54,Alberik,adedden1h@uol.com.br,Male,45
55,Faber,fluby1i@mayoclinic.com,Male,45
56,Uta,ueddicott1j@goo.ne.jp,Genderfluid,57
57,Ulick,ufigures1k@gmpg.org,Male,26
58,Myrtice,mverrall1l@hhs.gov,Female,87
59,Kellen,kmongain1m@ca.gov,Male,58
60,Cleveland,cbusch1n@exblog.jp,Male,24
61,Toddy,tbasketter1o@unblog.fr,Male,63
62,Madeline,mtreagus1p@people.com.cn,Non-binary,45
63,Eolande,esaintpierre1q@ox.ac.uk,Female,57
64,Morgun,mgittings1r@wisc.edu,Male,43
65,Lexis,lgoodhall1s@delicious.com,Agender,21
66,Read,rmuldownie1t@acquirethisname.com,Genderfluid,31
67,Colman,cbrauner1u@boston.com,Male,20
68,Earlie,erawlingson1v@mayoclinic.com,Male,18
69,Martie,mmckibbin1w@xrea.com,Female,26
70,Sarajane,swallhead1x@about.com,Female,8
71,George,gocosgra1y@census.gov,Male,63
72,Rafi,rpeaurt1z@etsy.com,Male,58
73,Merla,mbaxstair20@hubpages.com,Female,89
74,Stormie,sflewin21@nsw.gov.au,Female,47
75,Angele,ababe22@hubpages.com,Female,34
76,Lezley,lcrownshaw23@oakley.com,Male,85
77,Iorgo,ifurmonger24@addthis.com,Male,42
78,Erick,ewoodard25@unc.edu,Male,88
79,Harry,hpelerin26@buzzfeed.com,Male,90
80,Philis,pipsley27@ebay.com,Female,20
81,Rowan,rkubelka28@a8.net,Genderfluid,64
82,Lilly,lliggins29@narod.ru,Female,66
83,Nora,ninchan2a@devhub.com,Female,25
84,Bryn,bblandford2b@infoseek.co.jp,Female,30
85,Sioux,shandaside2c@hostgator.com,Female,21
86,Danell,dstearley2d@ucsd.edu,Female,68
87,Netta,nzanardii2e@blogspot.com,Non-binary,49
88,Malena,msandells2f@wikispaces.com,Bigender,69
89,Nonnah,ncardall2g@youtube.com,Female,39
90,Belicia,bcollaton2h@blogspot.com,Female,32
91,Alwyn,acoalbran2i@comsenz.com,Male,38
92,Spenser,sottewell2j@slashdot.org,Male,67
93,Lexy,lsackes2k@linkedin.com,Female,78
94,Huntington,hglennon2l@webs.com,Male,16
95,Koral,kciobotaro2m@discuz.net,Female,61
96,Ealasaid,ecrowley2n@prweb.com,Female,58
97,Marena,mcoulton2o@redcross.org,Female,39
98,Gideon,gmanuaud2p@bloglovin.com,Male,33
99,Everett,eswatheridge2q@answers.com,Male,87
100,Juli,jpeaseman2r@statcounter.com,Female,10
101,Sydney,swillmont2s@flickr.com,Genderqueer,39
102,Burch,bbaggally2t@census.gov,Male,11
103,Cristen,cpeet2u@mlb.com,Female,9
104,Bethanne,bjeal2v@people.com.cn,Female,52
105,Silas,sheld2w@fema.gov,Male,11
106,Teador,tgiacomo2x@house.gov,Male,28
107,Hildegaard,hturk2y@multiply.com,Female,10
108,Mavra,morrill2z@wisc.edu,Female,33
109,Marcelle,mbartalini30@webs.com,Female,9
110,Mahalia,myurov31@live.com,Female,29
111,Zola,zdruce32@washingtonpost.com,Female,58
112,Lalo,lshingfield33@istockphoto.com,Male,86
113,Keefe,kmcmarquis34@icq.com,Male,11
114,Beilul,biacovone35@tinypic.com,Female,87
115,Nesta,nchancelier36@geocities.jp,Female,71
116,Thorndike,tcartmill37@symantec.com,Male,18
117,Tamara,tbufton38@tripadvisor.com,Female,12
118,Constance,cwoonton39@guardian.co.uk,Female,69
119,Kelila,kandreazzi3a@paginegialle.it,Female,50
120,Lind,lcauthra3b@cdc.gov,Female,81
121,Jesse,jbroadhurst3c@stumbleupon.com,Female,41
122,Silvio,shandlin3d@hexun.com,Bigender,75
123,Phedra,palwood3e@photobucket.com,Female,20
124,Celka,cdobrowski3f@topsy.com,Female,67
125,Mollie,mbedberry3g@livejournal.com,Female,57
126,Aldwin,ashere3h@ted.com,Male,71
127,Belle,bheaphy3i@imdb.com,Female,46
128,Edwina,eshewry3j@walmart.com,Female,16
129,Rosabella,rlavis3k@livejournal.com,Polygender,30
130,Gustav,gtrulocke3l@barnesandnoble.com,Male,11
131,Rickie,ralthorpe3m@wp.com,Male,63
132,Aylmar,ahasley3n@jiathis.com,Male,61
133,Hilliard,hhaccleton3o@goo.ne.jp,Genderqueer,38
134,Zed,zrehn3p@pen.io,Male,30
135,Mick,msibbs3q@guardian.co.uk,Male,51
136,Ula,ugieraths3r@cargocollective.com,Female,19
137,Marje,mjanas3s@4shared.com,Female,28
138,Kristyn,khounson3t@youtu.be,Female,67
139,Tiler,tbinley3u@statcounter.com,Male,56
140,Quillan,qcurthoys3v@sohu.com,Male,44
141,Ephraim,eestcot3w@nba.com,Male,54
142,Rosetta,rshafe3x@wufoo.com,Female,70
143,Mareah,mlaven3y@newsvine.com,Female,7
144,Tabbi,tkubacki3z@dmoz.org,Female,62
145,Bekki,bheffy40@qq.com,Female,31
146,Amandi,ahorder41@storify.com,Female,53
147,Cyndi,cconcannon42@ox.ac.uk,Bigender,82
148,Donalt,ddeveril43@acquirethisname.com,Non-binary,89
149,Claudian,cgilby44@thetimes.co.uk,Male,23
150,Rosana,raloigi45@prweb.com,Female,28
151,Kariotta,korwin46@privacy.gov.au,Female,42
152,Verine,vreeson47@cmu.edu,Agender,21
153,Viviyan,vmilch48@salon.com,Female,49
154,Roobbie,rbroschke49@springer.com,Female,23
155,Candide,cwillison4a@webeden.co.uk,Agender,49
156,Ardyce,awhelband4b@de.vu,Female,39
157,Kiri,kvesque4c@marketwatch.com,Female,78
158,Glynn,grichichi4d@dell.com,Male,60
159,Ninnette,nkezor4e@dropbox.com,Genderfluid,35
160,Lisabeth,lpawlata4f@telegraph.co.uk,Female,40
161,Marty,msimner4g@wix.com,Male,42
162,Carolee,caddyman4h@taobao.com,Female,19
163,Arman,amaudett4i@vkontakte.ru,Male,41
164,Ellen,eseers4j@washingtonpost.com,Female,72
165,Kevon,krowat4k@google.pl,Male,84
166,Margie,mtorrans4l@imgur.com,Agender,37
167,Glyn,gtremblot4m@mac.com,Male,30
168,Michaelina,mwreiford4n@washington.edu,Female,57
169,Emiline,ezorzini4o@ed.gov,Female,38
170,Martie,mspick4p@usda.gov,Male,83
171,Clarke,cbausmann4q@taobao.com,Male,16
172,Maria,mmounch4r@people.com.cn,Female,36
173,Fremont,framshay4s@pen.io,Male,87
174,Dalt,duphill4t@mashable.com,Male,53
175,Alexandrina,avasilenko4u@friendfeed.com,Genderfluid,12
176,Paulie,ppellissier4v@arizona.edu,Male,84
177,Cayla,ctomisch4w@360.cn,Genderfluid,56
178,Mariquilla,msesser4x@cyberchimps.com,Female,50
179,Olivier,otheunissen4y@hp.com,Male,58
180,Arabella,afrancescotti4z@wiley.com,Genderqueer,8
181,Teresina,tinstock50@de.vu,Female,27
182,Myrtia,msnodin51@hibu.com,Polygender,28
183,Ty,tleavesley52@businessweek.com,Male,84
184,Augustine,ageleman53@google.com.hk,Male,34
185,Dulcie,dwoolhouse54@youtube.com,Female,85
186,Manya,mdeware55@quantcast.com,Female,73
187,Calla,cdutton56@tmall.com,Female,44
188,Putnem,pgilbey57@arstechnica.com,Male,19
189,Stanislaw,shatherley58@prnewswire.com,Male,14
190,Nessie,narens59@shutterfly.com,Female,55
191,Carissa,cvalek5a@soup.io,Female,19
192,Bertha,biacavone5b@typepad.com,Female,14
193,Nataniel,nhannaway5c@seattletimes.com,Male,63
194,Tadd,twagenen5d@wiley.com,Male,28
195,Abbie,afarthin5e@sciencedaily.com,Male,83
196,Carlene,cblackleech5f@hubpages.com,Female,24
197,Gunar,gdodell5g@microsoft.com,Male,21
198,Fredrick,fspain5h@smugmug.com,Male,62
199,Albrecht,agurner5i@wordpress.org,Male,9
200,Minnaminnie,mhanscom5j@eventbrite.com,Female,21
201,Fitz,ffibbit5k@cdc.gov,Male,50
202,Jania,jboggs5l@nps.gov,Female,63
203,Zarla,zheartfield5m@goo.gl,Female,65
204,Clarissa,ckelmere5n@archive.org,Female,89
205,Roxanne,rhanhardt5o@springer.com,Bigender,32
206,Roby,rleverett5p@epa.gov,Bigender,30
207,Starlene,sham5q@nydailynews.com,Female,29
208,Bettine,btieman5r@sina.com.cn,Female,68
209,Malachi,mdiego5s@google.ru,Male,37
210,Haskell,haudsley5t@jugem.jp,Male,80
211,Addie,amcknish5u@meetup.com,Female,44
212,Dewie,dcliffe5v@hubpages.com,Male,76
213,Tann,tbaccas5w@arstechnica.com,Male,71
214,Jarrad,jdabinett5x@ft.com,Male,77
215,Ivan,iearnshaw5y@nhs.uk,Male,14
216,Kenyon,kstormont5z@thetimes.co.uk,Male,40
217,Nerte,nespadero60@youku.com,Female,44
218,Jenni,jrutherforth61@uiuc.edu,Female,77
219,Sibilla,soldnall62@taobao.com,Female,49
220,Gibbie,gmcilory63@zdnet.com,Male,9
221,Monte,mwheatland64@indiegogo.com,Agender,10
222,Annie,aperkinson65@cnn.com,Female,41
223,Rosalyn,rdalley66@techcrunch.com,Female,80
224,Caron,clakeland67@instagram.com,Female,31
225,Thorn,tteck68@paypal.com,Male,60
226,Dorree,dnavarijo69@quantcast.com,Female,27
227,Dosi,dwaison6a@bloglines.com,Female,12
228,Neila,nmacari6b@ebay.com,Female,55
229,Octavius,omara6c@sitemeter.com,Male,48
230,Reider,rjuszczak6d@google.com.br,Male,16
231,Brandi,bgudgion6e@spiegel.de,Female,77
232,Ingrim,iyarr6f@elegantthemes.com,Male,35
233,Sophia,sbouchard6g@thetimes.co.uk,Female,40
234,Mira,mbaytrop6h@cam.ac.uk,Female,30
235,Jaquelyn,jmaxfield6i@ow.ly,Female,29
236,Colleen,cflounders6j@ycombinator.com,Female,45
237,Morten,mkeyser6k@squarespace.com,Male,56
238,Anitra,achart6l@plala.or.jp,Female,69
239,Ola,oscarborough6m@blogs.com,Female,13
240,Korie,kshmyr6n@mlb.com,Female,81
241,Kevin,kalonso6o@prweb.com,Male,75
242,Jefferson,jslingsby6p@meetup.com,Male,61
243,Brigid,bhaverty6q@angelfire.com,Female,76
244,Ron,rhasnip6r@indiegogo.com,Male,13
245,Averill,aclemendot6s@ftc.gov,Male,6
246,Emilio,ehighwood6t@gov.uk,Male,85
247,Olly,ogrzes6u@berkeley.edu,Male,48
248,Elysha,ecobbin6v@a8.net,Female,83
249,Thedrick,tgladdish6w@tmall.com,Male,84
250,Gretchen,gboustred6x@geocities.jp,Female,37
251,Mandie,mwoodes6y@addtoany.com,Female,70
252,Gaultiero,gsquibb6z@narod.ru,Male,61
253,Cordell,cmensler70@ycombinator.com,Male,73
254,Rorke,rleonarde71@purevolume.com,Male,23
255,Joice,jdytham72@yolasite.com,Agender,24
256,Missy,mpestor73@freewebs.com,Female,39
257,Umberto,uvivers74@networksolutions.com,Male,84
258,Emeline,ebown75@plala.or.jp,Female,54
259,Klement,kmonkley76@tumblr.com,Male,43
260,Wilmer,wstuckley77@goo.gl,Male,66
261,Della,dfrogley78@a8.net,Female,88
262,Adaline,achatteris79@google.es,Female,28
263,Sonni,spickford7a@sina.com.cn,Female,54
264,Marci,mmatussevich7b@scientificamerican.com,Female,79
265,Tiebout,tlund7c@goo.gl,Male,83
266,Bambi,btassell7d@about.me,Female,41
267,Sal,sgaither7e@toplist.cz,Male,24
268,Addie,aneighbour7f@sohu.com,Male,27
269,Erika,epriscott7g@noaa.gov,Female,74
270,Agnese,abortol7h@ezinearticles.com,Female,29
271,Lisa,lbelliss7i@unc.edu,Female,87
272,Kaycee,kmaass7j@hatena.ne.jp,Female,87
273,Oran,ocastelyn7k@mtv.com,Male,87
274,Theresita,tbarizeret7l@berkeley.edu,Non-binary,85
275,Halsey,hgodney7m@ameblo.jp,Male,33
276,Creigh,cbrolechan7n@google.de,Male,64
277,Marjory,mmazzeo7o@ehow.com,Female,77
278,Tabbie,tduhamel7p@sphinn.com,Male,33
279,Robbert,rreihm7q@vk.com,Male,32
280,Oralia,ofort7r@cornell.edu,Female,37
281,Megan,mwatmore7s@storify.com,Female,13
282,Rey,rsurgenor7t@twitpic.com,Genderqueer,69
283,Noreen,nkench7u@sphinn.com,Female,69
284,Jillian,jaddey7v@shop-pro.jp,Female,85
285,Justen,jolenov7w@google.ru,Genderqueer,12
286,Bancroft,bcockrem7x@networksolutions.com,Male,79
287,Cad,cphilipp7y@flickr.com,Male,66
288,Daren,dslatten7z@xinhuanet.com,Male,68
289,Garry,gsenecaut80@thetimes.co.uk,Male,55
290,Baily,bleatham81@yahoo.co.jp,Male,71
291,Camilla,cfullwood82@sitemeter.com,Female,60
292,Nathaniel,ndeplacido83@artisteer.com,Male,44
293,Burt,bstleger84@weather.com,Male,53
294,Myra,madamovitch85@nature.com,Female,77
295,Brendin,bbarkley86@ftc.gov,Male,29
296,Jerrome,jfittall87@cornell.edu,Male,13
297,Chad,cpavy88@vinaora.com,Genderfluid,80
298,Claus,cgamil89@blogger.com,Male,16
299,Shel,swortt8a@newsvine.com,Female,33
300,Johan,jdormand8b@opera.com,Male,20
301,Oby,okarus8c@ustream.tv,Male,71
302,Dinnie,dmccarlich8d@parallels.com,Female,69
303,Tadeas,tscreech8e@un.org,Male,30
304,Angel,apocke8f@phpbb.com,Female,59
305,Joaquin,jgiacomelli8g@about.com,Male,25
306,Mattie,mpicknett8h@friendfeed.com,Polygender,56
307,Britt,bhazelgreave8i@latimes.com,Female,69
308,Reggi,ravarne8j@imdb.com,Female,79
309,Marty,mphilo8k@php.net,Agender,45
310,Kameko,knewbigging8l@deliciousdays.com,Female,81
311,Nerti,nbenley8m@zimbio.com,Female,61
312,Nathanael,nnew8n@usa.gov,Male,47
313,Hershel,hmatczak8o@hatena.ne.jp,Male,73
314,Jorge,jcornfield8p@reuters.com,Male,28
315,Garvy,gpinxton8q@mysql.com,Male,65
316,Orelee,oharcarse8r@surveymonkey.com,Female,65
317,Gherardo,gcresser8s@techcrunch.com,Male,37
318,Ilene,ikorpal8t@npr.org,Female,58
319,Dedra,dbrixey8u@shop-pro.jp,Bigender,63
320,Farly,fmarcham8v@domainmarket.com,Male,67
321,Florina,fbowkley8w@theatlantic.com,Female,40
322,Selma,sbolwell8x@usnews.com,Female,52
323,Wenda,warnold8y@goo.ne.jp,Female,69
324,Janel,jmaass8z@nih.gov,Female,36
325,Ellwood,efosdyke90@twitpic.com,Male,22
326,Fletch,fmccreadie91@barnesandnoble.com,Male,32
327,Valerye,vhutchason92@blogspot.com,Polygender,12
328,Paten,paldham93@oracle.com,Male,87
329,Jerald,jdunklee94@csmonitor.com,Male,41
330,Shannen,seadmeads95@constantcontact.com,Female,66
331,Cathee,cellams96@mlb.com,Bigender,26
332,Rufe,rabrahamoff97@sakura.ne.jp,Polygender,46
333,Brandice,brooper98@reverbnation.com,Female,61
334,Dita,dbartosiak99@nasa.gov,Female,59
335,Willie,wrossant9a@unc.edu,Male,61
336,Skipton,sberge9b@auda.org.au,Non-binary,14
337,Dennie,dsuter9c@tripadvisor.com,Female,17
338,Beaufort,bkield9d@themeforest.net,Male,32
339,Simon,sbenthall9e@mapquest.com,Male,52
340,Erin,edicte9f@symantec.com,Male,50
341,Linea,ljacop9g@vimeo.com,Female,9
342,Verile,vgovier9h@arizona.edu,Female,37
343,Karlen,kshakelady9i@fc2.com,Female,31
344,Nickola,nmangham9j@twitter.com,Male,89
345,Karalee,kcrossan9k@typepad.com,Female,24
346,Abram,agriswood9l@blinklist.com,Genderqueer,59
347,Clio,czebedee9m@google.nl,Female,37
348,Grange,ggatward9n@sourceforge.net,Male,59
349,Golda,ggarrison9o@joomla.org,Female,8
350,Gauthier,gfenny9p@issuu.com,Polygender,77
351,Revkah,rayer9q@themeforest.net,Female,9
352,Jacob,jcatterall9r@indiatimes.com,Male,83
353,Mahalia,mkilliner9s@t.co,Genderqueer,86
354,Renado,rgosford9t@flavors.me,Male,89
355,Tammi,tcowl9u@jimdo.com,Female,80
356,Maible,mbonn9v@printfriendly.com,Female,32
357,Mohandis,mchisholm9w@yahoo.co.jp,Polygender,27
358,Amery,amquhan9x@psu.edu,Male,61
359,Seline,scane9y@photobucket.com,Female,47
360,Norri,ndodman9z@bandcamp.com,Female,65
361,Russ,rgilleona0@army.mil,Male,44
362,Kissee,kmacneilliea1@boston.com,Female,49
363,Woodrow,wrodgmana2@cam.ac.uk,Male,65
364,Beitris,bbricklebanka3@telegraph.co.uk,Female,31
365,Geri,gtibbettsa4@sakura.ne.jp,Male,46
366,Lu,lmorisona5@behance.net,Female,41
367,Aldus,amackena6@google.com.hk,Male,60
368,Rhys,recclesalla7@utexas.edu,Non-binary,86
369,Regina,rreviea8@discuz.net,Female,76
370,Prescott,pcosensa9@nydailynews.com,Male,65
371,Dreddy,dortsmannaa@tiny.cc,Female,64
372,Chauncey,czamboniariab@examiner.com,Male,37
373,Hamlen,hphippsac@twitter.com,Male,59
374,Carma,cbowbrickad@infoseek.co.jp,Female,40
375,Ruddy,rgotcherae@blogspot.com,Male,18
376,Guendolen,gswetenhamaf@howstuffworks.com,Non-binary,43
377,Alisa,aimpsonag@mayoclinic.com,Female,23
378,Dixie,ddymockeah@craigslist.org,Female,21
379,Tersina,tlippardai@umich.edu,Female,35
380,Lucienne,ldiemeraj@bloomberg.com,Female,34
381,Ermin,emathivonak@google.com,Male,52
382,Ollie,oboscheal@businesswire.com,Male,42
383,Chrissie,cwillam@biglobe.ne.jp,Female,71
384,Brande,bfutteran@businessinsider.com,Female,65
385,Leeland,llinsterao@vkontakte.ru,Male,6
386,Chicky,ctarpeyap@t-online.de,Female,73
387,Cosimo,cthemannaq@ucoz.com,Male,42
388,Dredi,dbaisear@chron.com,Female,53
389,Simon,shighwayas@hud.gov,Male,45
390,Kattie,kdupreeat@list-manage.com,Female,42
391,Merwyn,mbeckau@smh.com.au,Male,9
392,Ailis,aknowltonav@uiuc.edu,Female,81
393,Siana,skerfootaw@wufoo.com,Female,24
394,Terri-jo,tgrievesax@redcross.org,Female,32
395,Clemmie,ccraikeray@surveymonkey.com,Non-binary,62
396,Ase,arickerseyaz@bbc.co.uk,Male,45
397,Phineas,psavinb0@sciencedirect.com,Male,83
398,Felisha,fvandenoordb1@forbes.com,Female,49
399,Laurice,llorekb2@webeden.co.uk,Polygender,26
400,Stirling,sforlongeb3@dailymail.co.uk,Male,87
401,Holly-anne,hpaskinb4@uol.com.br,Female,86
402,Lorettalorna,lpenvardenb5@elegantthemes.com,Non-binary,87
403,Sidonnie,swattonb6@storify.com,Female,44
404,Simmonds,sbaistowb7@cloudflare.com,Male,89
405,Philippa,pmeneyerb8@sakura.ne.jp,Female,44
406,Paquito,pborthramb9@chicagotribune.com,Male,7
407,Elva,esangwineba@senate.gov,Female,66
408,Roderich,rslottbb@buzzfeed.com,Male,40
409,Jack,jworthybc@webeden.co.uk,Male,46
410,Emery,eomurtaghbd@rambler.ru,Male,53
411,Katti,kmutlowbe@bizjournals.com,Female,42
412,Libbey,lbenerbf@webnode.com,Female,45
413,Quintin,qlakinbg@alexa.com,Male,79
414,Brigid,bcrenshawbh@rediff.com,Female,69
415,Raul,rwhitseybi@wikia.com,Male,47
416,Alyce,amilnthorpebj@g.co,Female,61
417,Gerri,gserrisbk@uol.com.br,Female,56
418,Edd,echapebl@tinypic.com,Male,34
419,Nelle,nchamberlainebm@creativecommons.org,Female,17
420,Micah,mtregaskisbn@mashable.com,Male,35
421,Kin,kwarstallbo@geocities.com,Male,5
422,Suki,sharrellbp@domainmarket.com,Female,19
423,Cinda,cstoterbq@amazon.co.jp,Female,88
424,Boothe,bmartinsonbr@vistaprint.com,Male,76
425,Bard,bregitzbs@imgur.com,Male,53
426,Shelden,sarnfieldbt@geocities.com,Male,84
427,Kalie,kvolagebu@tmall.com,Female,47
428,Adele,aormistonbv@imageshack.us,Female,10
429,Fletch,frunchmanbw@oaic.gov.au,Male,65
430,Jodi,jburnappbx@walmart.com,Female,82
431,Shandra,smartinovicby@businessinsider.com,Female,17
432,Thoma,tsmallpiecebz@multiply.com,Male,42
433,Richmound,rholliarc0@moonfruit.com,Male,22
434,Garek,gherreroc1@reuters.com,Male,10
435,Christy,cboyatc2@google.cn,Male,68
436,Addy,aharmesc3@homestead.com,Agender,51
437,Jeff,jkohrsc4@ca.gov,Male,64
438,Inglebert,ivanyarkinc5@blogtalkradio.com,Male,78
439,Gabe,ggrindallc6@fema.gov,Genderqueer,5
440,Yoshiko,ywhitehallc7@jimdo.com,Female,90
441,Butch,bdambrosic8@princeton.edu,Male,35
442,Renie,rbloxhamc9@wikispaces.com,Female,7
443,Linell,lfisbyca@nationalgeographic.com,Female,19
444,Isidoro,icarlessocb@w3.org,Male,88
445,Michal,mscrivincc@hao123.com,Male,72
446,Lavina,lpyrtoncd@buzzfeed.com,Female,88
447,Thayne,tboldce@google.fr,Male,50
448,Quincy,qwinchurchcf@unicef.org,Male,90
449,Abbi,aboerdermancg@bbc.co.uk,Female,50
450,Dalt,dneubiginch@simplemachines.org,Male,13
451,Davida,dfollisci@people.com.cn,Female,12
452,Sal,sangeaucj@loc.gov,Male,81
453,Melosa,mdoramck@illinois.edu,Female,68
454,Carr,ccastiglionecl@jugem.jp,Male,58
455,Kara-lynn,kpossekcm@prlog.org,Female,27
456,Maribel,mforemancn@shop-pro.jp,Female,16
457,Kevin,koakeyco@wikispaces.com,Male,81
458,Holt,hgrosiercp@t.co,Male,27
459,Randie,rbiddlestoncq@ning.com,Male,44
460,Margaretta,mtethercr@pbs.org,Female,83
461,Massimiliano,mbustincs@imgur.com,Male,14
462,Dorita,dmeckiffct@zdnet.com,Female,83
463,Nataline,nroomecu@topsy.com,Female,18
464,Elbertine,ebalharriecv@elpais.com,Female,85
465,Miguelita,mtheoboldcw@vk.com,Female,42
466,Ludovika,lgosenellcx@mozilla.org,Agender,25
467,Sayers,sfaivrecy@fastcompany.com,Male,81
468,Rodger,rdegoecz@walmart.com,Male,16
469,Vanya,vdibnahd0@google.ca,Male,61
470,Onofredo,oblagbroughd1@twitter.com,Male,78
471,Georgie,gbuardd2@nasa.gov,Male,90
472,Cecil,csixsmithd3@vkontakte.ru,Male,80
473,Dyana,djurnd4@unblog.fr,Female,39
474,Dimitry,ddugdaled5@ning.com,Male,24
475,Salmon,smcgilmartind6@sourceforge.net,Male,13
476,Bella,bswaddend7@arizona.edu,Agender,85
477,Justinian,jstuttardd8@yelp.com,Male,73
478,Jarrad,jkreuzerd9@godaddy.com,Male,5
479,Reuven,rlockhurstda@paypal.com,Male,35
480,Norean,nmarkussendb@wp.com,Genderfluid,87
481,Allx,amarkedc@indiatimes.com,Female,78
482,Krystal,kmastersdd@berkeley.edu,Genderfluid,28
483,Rafa,rbruckentde@cisco.com,Female,45
484,Belita,bhighwooddf@scribd.com,Female,12
485,Munroe,msloatdg@studiopress.com,Male,76
486,Elbertina,elemariedh@hexun.com,Non-binary,74
487,Berkeley,bchaucerdi@statcounter.com,Male,26
488,Shanon,stedderdj@ycombinator.com,Female,16
489,Chrystal,cdresserdk@addthis.com,Female,64
490,Billy,bkeddiedl@dropbox.com,Male,22
491,Kailey,kbadgersdm@liveinternet.ru,Female,34
492,Adah,anearydn@ovh.net,Female,65
493,Anastasie,agiurondo@gmpg.org,Female,47
494,Arte,aupwarddp@bbc.co.uk,Male,44
495,Mollee,mslogravedq@admin.ch,Female,19
496,Blinni,bpeckhamdr@arstechnica.com,Female,54
497,Shayne,scallfds@telegraph.co.uk,Female,26
498,Annmaria,asachdt@example.com,Female,61
499,Alyson,awraggedu@php.net,Polygender,19
500,Marline,marchibolddv@wordpress.com,Female,15
501,Mame,mmatiashvilidw@webs.com,Female,77
502,Zackariah,zhirthdx@nytimes.com,Male,13
503,Sibylle,semblingdy@hp.com,Female,90
504,Judith,jjanczykdz@ebay.co.uk,Female,38
505,Ali,ahollyere0@google.ru,Female,66
506,Aurelia,amyriee1@google.co.uk,Polygender,33
507,Robyn,rwyliee2@cnbc.com,Female,11
508,Faustine,fdillestonee3@privacy.gov.au,Female,25
509,Madalyn,mfaradaye4@opera.com,Female,85
510,Carter,cblowerse5@wordpress.com,Male,21
511,Nathanial,ngogartye6@flavors.me,Male,73
512,Jacquenetta,jbreedee7@bloomberg.com,Female,69
513,Base,bfawcuse8@deliciousdays.com,Male,38
514,Carline,ctassakere9@hostgator.com,Female,59
515,Avrom,atieea@weibo.com,Male,82
516,Lenka,lmckieeb@google.com.au,Female,13
517,Delphinia,dbudnkec@meetup.com,Genderqueer,14
518,Karly,kbutterfinted@cam.ac.uk,Female,51
519,Amalita,acratereee@jalbum.net,Female,5
520,Cornall,cneilusef@usnews.com,Male,70
521,Kermy,kdoweg@addthis.com,Male,76
522,Janaye,jdederickeh@artisteer.com,Female,39
523,Pete,pduleyei@princeton.edu,Male,35
524,Emanuele,ewikeej@omniture.com,Male,18
525,Edeline,eclaricoatesek@mozilla.com,Female,52
526,Nananne,nturbanel@blogger.com,Female,16
527,Nissa,nfurmongerem@nytimes.com,Female,35
528,Holden,hseveryen@nytimes.com,Male,28
529,Evangelina,eburwoodeo@forbes.com,Female,75
530,Wald,wcarderep@ted.com,Male,86
531,Keelia,kwoodhamseq@joomla.org,Female,34
532,Aylmar,aneseyer@a8.net,Genderfluid,74
533,Elane,egatrilles@surveymonkey.com,Female,68
534,Tristam,theazelet@dion.ne.jp,Male,35
535,Upton,uloveridgeeu@vistaprint.com,Male,45
536,Eldredge,esherwenev@w3.org,Male,17
537,Kimberly,kmabeeew@ebay.co.uk,Female,63
538,Hamnet,hwigfieldex@craigslist.org,Male,38
539,Ricoriki,rcrosbieey@nifty.com,Male,57
540,Elwira,emccormickez@php.net,Female,43
541,Morris,mcuradof0@furl.net,Genderfluid,19
542,Hastings,hsouthornf1@diigo.com,Male,23
543,Bradney,biacovaccif2@smh.com.au,Male,30
544,Alwyn,alabatf3@rambler.ru,Male,62
545,Nariko,ncoalf4@apple.com,Female,31
546,Putnam,pvasiljevicf5@uol.com.br,Male,79
547,Meredith,mbornf6@upenn.edu,Female,26
548,Creigh,cescofierf7@google.co.jp,Male,22
549,Hilton,hdurbannf8@over-blog.com,Male,32
550,Kienan,kduggonf9@salon.com,Male,31
551,Gabbie,gbateripfa@msn.com,Male,69
552,Paulita,psibbitfb@dailymotion.com,Female,48
553,Rasla,rquibellfc@ustream.tv,Female,57
554,Anatollo,agasonfd@tumblr.com,Male,87
555,Bernardo,bwimmsfe@w3.org,Male,10
556,Donn,dmealandff@bigcartel.com,Male,61
557,Rafaellle,rdoghartiefg@cdbaby.com,Male,80
558,Otha,omealhamfh@umn.edu,Female,39
559,Ailey,agubbinfi@scientificamerican.com,Non-binary,39
560,Arlen,afairhamfj@dmoz.org,Female,19
561,Bartholemy,bcallawayfk@ucsd.edu,Male,22
562,Ruddie,rbreachefl@pen.io,Male,17
563,Blake,bbruckentfm@dailymotion.com,Female,64
564,Teodorico,tbabbfn@plala.or.jp,Male,89
565,Morlee,mhanhardfo@deliciousdays.com,Male,25
566,Franny,fforbesfp@imgur.com,Male,77
567,Abdul,ashavefq@ucsd.edu,Genderqueer,82
568,Edee,eedmundsfr@spotify.com,Female,46
569,Margaret,mloransfs@thetimes.co.uk,Female,7
570,Hube,htrubshawft@salon.com,Male,15
571,Gearard,gmaccafferkyfu@tumblr.com,Male,81
572,Dorthea,dfortnumfv@t-online.de,Female,16
573,Correy,cosmintfw@gizmodo.com,Polygender,67
574,Lira,ldoubravafx@tiny.cc,Female,30
575,Rennie,rmurisonfy@dmoz.org,Female,72
576,Robbyn,rraggittfz@dropbox.com,Polygender,43
577,Wernher,wredholeg0@tripadvisor.com,Male,41
578,Lewiss,lmaliffeg1@weebly.com,Male,34
579,Ardeen,akorlatg2@mail.ru,Non-binary,59
580,Arliene,awalkdeng3@drupal.org,Female,6
581,Vi,vpeatg4@slashdot.org,Genderqueer,70
582,Banky,bcottinghamg5@vkontakte.ru,Male,7
583,Ransell,rdunseithg6@bbb.org,Male,20
584,Natala,ngoverng7@apache.org,Female,36
585,Tove,trumsbyg8@home.pl,Female,38
586,Holt,hralfeg9@stumbleupon.com,Male,69
587,Nickolai,nivanovicga@hhs.gov,Male,76
588,Shane,sswansongb@bigcartel.com,Genderfluid,41
589,Skip,ssollisgc@comcast.net,Male,76
590,Edee,erowcliffegd@arizona.edu,Female,75
591,Kathryn,kspenclayge@chicagotribune.com,Female,77
592,Swen,shannongf@behance.net,Male,40
593,Renard,rbusfieldgg@harvard.edu,Male,11
594,Lise,ljobbgh@stanford.edu,Female,53
595,Casi,cdarbeygi@cmu.edu,Female,41
596,Karylin,krenneygj@ucoz.com,Female,61
597,Albie,avallerinegk@netvibes.com,Male,23
598,Garnet,grassmanngl@latimes.com,Female,18
599,Rafael,rswangm@soundcloud.com,Male,18
600,Oliy,opurkissgn@booking.com,Female,29
601,Seymour,spulstergo@youtube.com,Male,18
602,Dagmar,drapinettgp@comsenz.com,Bigender,37
603,Nerte,nmorpheygq@usa.gov,Female,46
604,Rasla,rneilgr@goo.gl,Female,59
605,Orrin,ocarengs@discovery.com,Male,90
606,Mychal,mgossagegt@sourceforge.net,Male,72
607,Kirsten,kcaesmansgu@etsy.com,Agender,84
608,Guy,gbowshergv@linkedin.com,Male,9
609,Walliw,wgisburngw@abc.net.au,Bigender,45
610,Creigh,cgeillgx@live.com,Bigender,61
611,Joshua,jbyrchergy@t-online.de,Male,38
612,Papagena,pbitchenogz@yellowbook.com,Female,60
613,Julius,jbodemeaidh0@alibaba.com,Male,76
614,Heda,hmeddingsh1@narod.ru,Genderfluid,11
615,Althea,aboteh2@canalblog.com,Non-binary,65
616,Beth,bmourgeh3@godaddy.com,Female,18
617,Rubina,rvainesh4@nbcnews.com,Female,41
618,Gerrie,gvogeleh5@woothemes.com,Male,76
619,Eba,evelldenh6@barnesandnoble.com,Female,67
620,Nadean,nmaidensh7@ibm.com,Female,57
621,Verney,vmenegoh8@cdbaby.com,Male,46
622,Magda,mfoulgerh9@hhs.gov,Female,83
623,Lauraine,lcharlewoodha@diigo.com,Female,71
624,Bartolomeo,bbastonhb@de.vu,Male,18
625,Vince,vwhitewayhc@desdev.cn,Male,57
626,Gilbertina,glorriehd@photobucket.com,Female,16
627,Emilia,eguerinhe@yale.edu,Female,79
628,Katuscha,kfaulconbridgehf@imdb.com,Female,5
629,Emeline,elefevrehg@oracle.com,Genderqueer,75
630,Anica,amacfarlanehh@mashable.com,Agender,81
631,Galina,gdegliantonihi@uiuc.edu,Female,83
632,Todd,tmccombehj@homestead.com,Male,81
633,Desdemona,ddearnaleyhk@rediff.com,Female,65
634,Nealson,nlindehl@symantec.com,Male,18
635,Standford,sgetchhm@howstuffworks.com,Non-binary,79
636,Vincent,vstaighn@symantec.com,Male,15
637,Deina,deudallho@yahoo.co.jp,Female,67
638,Ody,osimionhp@so-net.ne.jp,Male,29
639,Adamo,amarleyhq@sakura.ne.jp,Male,64
640,Onfre,okensingtonhr@dropbox.com,Male,49
641,Dacy,dlucianohs@shareasale.com,Female,61
642,Hope,hfelthamht@google.com,Agender,7
643,Kendall,kmanleyhu@cbsnews.com,Male,10
644,Rianon,rlilionhv@barnesandnoble.com,Female,74
645,Doralin,dfasshw@bluehost.com,Female,45
646,Sid,searneyhx@diigo.com,Male,25
647,Flory,fscaysbrookhy@dailymotion.com,Female,86
648,Corrianne,cwikeyhz@washington.edu,Female,18
649,Gretal,gfossi0@cmu.edu,Female,82
650,Carrie,crosensteini1@networkadvertising.org,Female,81
651,Gordie,growantreei2@usa.gov,Male,88
652,Catha,clissamani3@reuters.com,Bigender,46
653,Burlie,borwini4@vk.com,Male,73
654,Llywellyn,lmcneili5@sitemeter.com,Male,54
655,Dredi,dcritchi6@macromedia.com,Female,69
656,Lionello,lpickersgilli7@bloomberg.com,Male,80
657,Carlos,cdavisi8@howstuffworks.com,Male,87
658,Somerset,swandrachi9@fda.gov,Male,10
659,Vitoria,vkelbereria@hugedomains.com,Female,16
660,Suzie,ssegoib@scribd.com,Female,6
661,Elisha,edominguezic@bloglines.com,Female,25
662,Dacey,dduggenid@wunderground.com,Female,11
663,Amelina,atackie@dell.com,Female,43
664,Clemmie,cnoseworthyif@omniture.com,Polygender,31
665,Kahlil,kshovelig@webeden.co.uk,Male,40
666,Delmor,dkelwaybamberih@ftc.gov,Male,44
667,Free,folliarii@nyu.edu,Male,59
668,Teodoor,tlangsburyij@addtoany.com,Male,36
669,Marissa,mcattleik@parallels.com,Non-binary,5
670,Antonio,apietrasikil@bizjournals.com,Male,6
671,Corilla,cwearneim@tripod.com,Female,7
672,Staci,smathwinin@unicef.org,Female,15
673,Kym,kczadlaio@wsj.com,Female,43
674,Lewie,lwiddip@storify.com,Male,90
675,Yasmeen,ycowleyiq@reddit.com,Female,39
676,Griz,gbodiamir@ca.gov,Male,29
677,Wylie,wmayhois@seesaa.net,Male,45
678,Melloney,mworkmanit@slideshare.net,Female,41
679,Bartlet,bgowmaniu@ustream.tv,Bigender,83
680,Dottie,dhurkettiv@lulu.com,Female,34
681,Jasmine,jdoftyiw@liveinternet.ru,Female,36
682,Torey,tshearmanix@angelfire.com,Female,15
683,Lodovico,lfayerbrotheriy@simplemachines.org,Male,65
684,Charlean,cglawsopiz@zdnet.com,Female,20
685,Melina,mdomonkosj0@stanford.edu,Female,84
686,Randall,rcleyburnj1@jiathis.com,Male,50
687,Ritchie,rstreetsj2@cmu.edu,Male,32
688,Drucy,dalejandroj3@plala.or.jp,Female,6
689,Liliane,ldisneyj4@example.com,Female,6
690,Odele,osplevingj5@blogs.com,Female,53
691,Barby,bwhitleyj6@biglobe.ne.jp,Female,72
692,Norton,nplaidej7@blogspot.com,Male,34
693,Addie,aghelarduccij8@google.nl,Male,72
694,Joellen,jbeebyj9@pcworld.com,Female,55
695,Darda,dtotheja@360.cn,Female,73
696,Cull,cmeadersjb@github.io,Male,79
697,Alfonso,asellandjc@vkontakte.ru,Male,15
698,Fredrika,fbebbjd@ocn.ne.jp,Female,44
699,Happy,hprahmje@tuttocitta.it,Female,87
700,Rockey,rcoulterjf@flavors.me,Male,86
701,Hervey,hblundinjg@hugedomains.com,Male,51
702,Damita,dvassiejh@symantec.com,Female,86
703,Flem,fgotji@ft.com,Male,16
704,Padget,ptoplisjj@time.com,Male,84
705,Nikki,ngrinyerjk@wix.com,Female,80
706,Christian,cbrutejl@walmart.com,Male,13
707,Marthe,moloughlinjm@github.com,Female,55
708,Consalve,ccardenasjn@thetimes.co.uk,Male,49
709,Liana,ljurczikjo@apple.com,Female,45
710,Abel,ahumbertjp@nih.gov,Male,78
711,Gates,genstonejq@addtoany.com,Female,23
712,Stuart,sbuxseyjr@ox.ac.uk,Bigender,39
713,Fidelity,fparadejs@technorati.com,Female,27
714,Reuben,rcarrolljt@wordpress.org,Male,10
715,Chase,csedgemondju@vk.com,Male,78
716,Woodrow,wdamijv@woothemes.com,Male,30
717,Rhetta,rgrisleyjw@yelp.com,Female,36
718,Kissee,kblaszczakjx@goo.ne.jp,Female,74
719,Annabelle,adinesjy@bluehost.com,Female,69
720,Janie,jglynnjz@cdc.gov,Agender,24
721,Rivkah,rjaffrak0@about.me,Female,60
722,Minette,mcopynk1@constantcontact.com,Female,36
723,Jone,jpignyk2@dyndns.org,Male,50
724,Mathian,mbowiek3@imageshack.us,Male,12
725,Tania,tdoldonk4@nhs.uk,Female,48
726,Kennett,kwoodsonk5@tmall.com,Male,11
727,Carola,ccleavek6@gravatar.com,Female,68
728,Kirby,kpudgek7@spotify.com,Male,29
729,Tailor,tadamieck8@go.com,Male,48
730,Harland,hgebbk9@edublogs.org,Male,17
731,Chrysler,cmoodeyka@behance.net,Female,74
732,Millicent,mashwellkb@nydailynews.com,Female,15
733,Guinna,gdeathekc@home.pl,Female,70
734,Colman,cschachterkd@fc2.com,Male,21
735,Happy,hhardeske@sitemeter.com,Female,53
736,Michaella,mclementuccikf@gravatar.com,Female,46
737,Doralyn,dstallybrasskg@mail.ru,Female,14
738,Myra,mdevittkh@adobe.com,Female,53
739,Addie,aerickssenki@live.com,Female,8
740,Way,wfitzgilbertkj@mozilla.com,Male,49
741,Conn,cdefrieskk@bandcamp.com,Male,87
742,Rebekah,rblaguekl@so-net.ne.jp,Female,32
743,Randal,rwinchesterkm@indiegogo.com,Male,43
744,Baxie,bpreblekn@yellowpages.com,Bigender,85
745,Agnesse,areedmanko@spotify.com,Female,79
746,Remington,rchampkp@aol.com,Male,19
747,Dorena,dburnyatekq@mozilla.com,Female,34
748,Genevra,gbatonkr@cbslocal.com,Female,19
749,Stefan,shounsonks@ovh.net,Male,46
750,Kennett,kdjokovickt@vistaprint.com,Male,83
751,Mildrid,mdonsonku@taobao.com,Female,83
752,Phillis,ptolworthykv@dion.ne.jp,Female,44
753,Sawyere,sswindinkw@squarespace.com,Male,50
754,Shana,sdunsmorekx@imageshack.us,Female,86
755,Shirl,smathelinky@about.com,Female,62
756,Natka,npawelkekz@bandcamp.com,Female,46
757,Haywood,htollmachel0@reddit.com,Male,24
758,Antonella,aporchl1@sourceforge.net,Female,5
759,Calla,ctolossil2@goodreads.com,Female,19
760,Bibbie,bviccaryl3@sourceforge.net,Female,55
761,Roddy,rtrenbeyl4@thetimes.co.uk,Male,13
762,Brenden,bbrownhilll5@is.gd,Male,64
763,Heriberto,htreneerl6@cornell.edu,Male,81
764,Aubrey,abarrowcliffl7@comsenz.com,Female,21
765,Obadias,oduckerl8@bbb.org,Male,22
766,Nicol,ndonisol9@uol.com.br,Male,57
767,Annabelle,adellla@is.gd,Female,8
768,Clerkclaude,cboyanlb@wiley.com,Male,85
769,Glynda,gpittmanlc@nyu.edu,Female,76
770,Hinda,hpetofild@themeforest.net,Female,22
771,Jeffy,jambrosinile@home.pl,Male,66
772,Michelina,mwinneylf@mac.com,Female,22
773,Adaline,aflawnlg@umn.edu,Female,54
774,Linc,lmottinellilh@ameblo.jp,Male,17
775,Samantha,ssimpkinsli@oracle.com,Female,10
776,Nicoline,nhuttonlj@comsenz.com,Female,81
777,Hilde,heastabrooklk@merriam-webster.com,Female,47
778,Steward,stroutbeckll@cdbaby.com,Male,77
779,Noby,nkimbroughlm@exblog.jp,Male,17
780,Karola,klippingwellln@usnews.com,Female,37
781,Emili,etopperlo@flickr.com,Female,27
782,Ambrosius,amckimmielp@netscape.com,Male,74
783,Ellary,emcgiffinlq@dion.ne.jp,Male,47
784,Homere,hfilyukovlr@over-blog.com,Male,77
785,Winnifred,wbirchettls@i2i.jp,Female,9
786,Kessia,klapideslt@skype.com,Female,81
787,Alvis,afairfoulllu@psu.edu,Male,66
788,Ryon,rhainlv@wisc.edu,Male,71
789,Revkah,rcranshawlw@barnesandnoble.com,Female,34
790,Fidel,fjaggilx@1688.com,Polygender,23
791,Emilie,efarlowly@amazon.de,Female,69
792,Denny,ddallisonlz@sakura.ne.jp,Agender,58
793,Shani,sbraffingtonm0@economist.com,Female,72
794,Cynthy,cprobertm1@senate.gov,Female,69
795,Leena,lcurnessm2@drupal.org,Female,5
796,Irv,ithamem3@squarespace.com,Male,79
797,Ladonna,lgoodbarnem4@berkeley.edu,Female,22
798,Rufe,rofallownem5@multiply.com,Male,47
799,Bobbi,beadmeadsm6@walmart.com,Female,34
800,Aymer,awinsonm7@blinklist.com,Male,60
801,Allyce,aflattm8@mozilla.org,Female,65
802,Dallis,dboristonm9@jigsy.com,Male,15
803,Linus,llichfieldma@springer.com,Male,11
804,Freedman,fbankermb@scribd.com,Male,57
805,Fianna,fbeldersonmc@usgs.gov,Female,78
806,Cheslie,cmosdallmd@paypal.com,Female,23
807,Malina,mchretienme@yahoo.com,Female,19
808,Fidel,fboasemf@twitter.com,Male,85
809,Killie,kmarcosmg@last.fm,Male,26
810,Jonathon,jbarbrickmh@ask.com,Male,27
811,Johan,jfellmanmi@4shared.com,Polygender,43
812,Xena,xmaiseymj@yale.edu,Female,15
813,Humberto,hbraxtonmk@samsung.com,Male,62
814,Jayson,jgoodierml@etsy.com,Male,29
815,Sybille,scattermoulmm@cdbaby.com,Genderfluid,36
816,Murray,mwenbanmn@nifty.com,Male,11
817,Sawyer,sdecleenmo@nifty.com,Bigender,14
818,Evelyn,ebirkheadmp@mtv.com,Female,45
819,Bobbi,bdoigemq@paginegialle.it,Female,39
820,Rozelle,rbucktroutmr@furl.net,Female,30
821,Granville,gcarnduffms@live.com,Male,81
822,Noel,nczaplamt@oakley.com,Male,67
823,Elaine,emcfaulmu@sogou.com,Female,9
824,Nichole,nwrightemmv@wunderground.com,Male,69
825,Hollie,hzelleymw@moonfruit.com,Female,32
826,Wendye,wgolymx@ihg.com,Female,23
827,Odille,odelacotemy@tinypic.com,Female,83
828,Curcio,cmabenmz@google.ca,Male,31
829,Cyndi,chandesn0@printfriendly.com,Female,22
830,Sheela,sfarmeryn1@mediafire.com,Female,88
831,Dannel,dllewellinn2@redcross.org,Male,57
832,Sandye,sbarghn3@sitemeter.com,Female,74
833,Margo,msimacekn4@ucsd.edu,Female,16
834,Lauree,ltosdevinn5@earthlink.net,Female,66
835,Glory,gverrilln6@foxnews.com,Female,34
836,Isadore,iallmarkn7@newyorker.com,Male,55
837,Johnnie,jhovern8@java.com,Male,32
838,Maximo,mreesn9@issuu.com,Male,38
839,Louis,lmeirna@house.gov,Male,79
840,Zak,zenriettonb@myspace.com,Male,34
841,Janette,jgrowync@sogou.com,Female,32
842,Ramonda,remneynd@themeforest.net,Female,63
843,Irving,icammidgene@java.com,Male,64
844,Brooks,bcatchpolenf@jiathis.com,Female,68
845,Breanne,bladsonng@networkadvertising.org,Female,68
846,Carney,caldhamnh@squidoo.com,Male,87
847,Mordy,mbasketfieldni@bluehost.com,Male,19
848,Antony,alomaxnj@freewebs.com,Male,89
849,Sammy,sslossnk@discovery.com,Female,52
850,Errick,equelchnl@smugmug.com,Male,35
851,Kendra,kclooneynm@hibu.com,Female,82
852,Rolando,rnortcliffenn@who.int,Male,51
853,Hertha,hbulleneno@nbcnews.com,Female,48
854,Quintina,qforrinp@abc.net.au,Agender,53
855,Angelika,aneevesnq@usnews.com,Female,82
856,Willem,wbeatnr@vkontakte.ru,Male,65
857,Thorin,takkerns@accuweather.com,Male,13
858,Carolan,ckemsleynt@guardian.co.uk,Female,71
859,Nowell,nmcgreaynu@newsvine.com,Male,21
860,Romonda,rarnottnv@webeden.co.uk,Female,88
861,Catrina,cschulkinsnw@disqus.com,Female,19
862,Rois,rannandnx@webeden.co.uk,Female,88
863,Correna,cgeroldny@github.io,Female,72
864,Pate,pjackalinnz@usda.gov,Male,29
865,Alair,alambirtho0@trellian.com,Male,74
866,Wenona,wrendbaeko1@constantcontact.com,Female,75
867,Antoinette,adevereuo2@sohu.com,Female,69
868,Michel,mkirlino3@amazon.co.uk,Male,84
869,Estrella,ewickwaro4@instagram.com,Female,48
870,Carly,cbilberyo5@umn.edu,Male,36
871,Valentino,vmeerono6@fema.gov,Male,47
872,Waverley,wtarplyo7@ed.gov,Male,67
873,Kassey,kmackaigo8@webeden.co.uk,Female,90
874,Cecile,ccarlisio9@shinystat.com,Female,12
875,Hank,hneaveoa@bandcamp.com,Male,89
876,Gray,gwoofob@businessinsider.com,Male,18
877,Flory,fmoxsonoc@pcworld.com,Female,76
878,Korey,khorrodod@bluehost.com,Male,30
879,Karel,ksneathoe@upenn.edu,Male,41
880,Eleonore,eguilletof@nhs.uk,Female,56
881,Henrik,hmacgaffeyog@mozilla.com,Male,24
882,Claudie,chitschkeoh@unicef.org,Female,68
883,Abramo,abraggoi@hibu.com,Male,10
884,Arther,apennielloj@slashdot.org,Male,28
885,Maddy,manthillok@liveinternet.ru,Male,75
886,Cecil,csnowlingol@yolasite.com,Male,81
887,Maryanne,mcokelyom@wunderground.com,Female,89
888,Skyler,srecordon@hibu.com,Male,58
889,Wendall,wspinellioo@youtu.be,Male,35
890,Louisette,lchesterfieldop@deviantart.com,Female,45
891,Emmalynn,estranaghanoq@seattletimes.com,Female,52
892,Jimmie,jitscowicsor@zdnet.com,Male,52
893,Darcy,ddrakeos@wix.com,Non-binary,39
894,Tait,twivellot@engadget.com,Male,23
895,Sallie,smewettou@reuters.com,Female,6
896,Donnell,dmarloweov@etsy.com,Male,6
897,Sibeal,sculliganow@t.co,Female,45
898,Sammy,sjanczewskiox@patch.com,Female,84
899,Tedd,twardeoy@flavors.me,Male,45
900,Fred,fjouloz@is.gd,Male,81
901,Leif,lsambathp0@princeton.edu,Male,41
902,Sheba,strustiep1@cyberchimps.com,Female,22
903,Elsinore,esmullinp2@utexas.edu,Female,17
904,Anstice,amitchensonp3@forbes.com,Female,9
905,Miquela,mcalderbankp4@studiopress.com,Female,27
906,Romona,rslightp5@livejournal.com,Female,53
907,Ingunna,irodearp6@dailymotion.com,Polygender,23
908,Maribelle,mcranshawp7@hubpages.com,Female,43
909,Morey,mghilksp8@time.com,Male,70
910,Briano,bbrimleyp9@disqus.com,Male,21
911,Devonna,dconapa@fema.gov,Female,5
912,Corenda,ceaklepb@ed.gov,Female,81
913,Hansiain,hchristaeaspc@chron.com,Male,14
914,Mikol,missardpd@craigslist.org,Male,51
915,Jard,jepslype@miitbeian.gov.cn,Male,65
916,Tynan,tlambornepf@hc360.com,Male,76
917,Valenka,vgoldenofirelandpg@hubpages.com,Female,19
918,Christyna,cmcnellisph@tinyurl.com,Female,8
919,Uriel,ugodboltpi@netscape.com,Bigender,14
920,Odilia,ovaleriopj@auda.org.au,Genderqueer,14
921,Valida,vfikepk@newyorker.com,Female,28
922,Robinet,rdynepl@reuters.com,Female,87
923,Nerte,nmounsiepm@google.com.hk,Female,88
924,Aubry,asallerpn@usnews.com,Female,7
925,Devi,dsuthrenpo@va.gov,Non-binary,84
926,Harley,hlenzpp@ycombinator.com,Female,88
927,Nickie,nleipnikpq@va.gov,Bigender,57
928,Deedee,dcaulfieldpr@wikimedia.org,Female,48
929,Linette,lpedycanps@soup.io,Female,62
930,Arlena,amelanaphypt@google.de,Female,32
931,Quintina,qandraspu@youku.com,Female,50
932,Chrystal,cshaughnessypv@wp.com,Female,41
933,Alfredo,aeldenpw@ovh.net,Male,32
934,Ode,owindebankpx@blogger.com,Male,36
935,Jamil,jpolinipy@ucoz.com,Male,64
936,Jordana,jshepherdsonpz@myspace.com,Female,22
937,Calvin,cminchindenq0@blog.com,Male,57
938,Georgia,ggaskoinq1@dailymail.co.uk,Female,66
939,Joby,jweadickq2@chronoengine.com,Female,48
940,Murielle,mreinhartq3@facebook.com,Female,85
941,Constantia,cpolleq4@wsj.com,Female,70
942,Giacobo,gblagdonq5@shareasale.com,Male,80
943,Debbie,dgorkeq6@so-net.ne.jp,Female,77
944,Glynis,gpreshoq7@uiuc.edu,Female,71
945,Edita,efandrichq8@squidoo.com,Bigender,31
946,Burgess,bhamblingtonq9@ca.gov,Male,61
947,Ashby,aloffheadqa@shutterfly.com,Male,10
948,Rodrick,redwinsqb@ed.gov,Male,65
949,Stesha,sthorqc@ycombinator.com,Bigender,87
950,Star,salibertiqd@cnn.com,Female,69
951,Winfred,wiacovoloqe@home.pl,Male,72
952,Bran,bbrabantqf@reddit.com,Male,56
953,Amelita,abidewelqg@sitemeter.com,Female,36
954,Prescott,pbutlandqh@desdev.cn,Male,21
955,Madlen,mkeightleyqi@bravesites.com,Female,88
956,Ofella,oantonowiczqj@bloomberg.com,Female,36
957,Stavros,svelaqk@cam.ac.uk,Male,36
958,Boyd,bkindredql@flavors.me,Male,77
959,Perl,pjeschnerqm@cdc.gov,Female,20
960,Dede,draithbyqn@japanpost.jp,Female,40
961,Lindsey,ltoweqo@hud.gov,Female,36
962,Clevie,cdimancheqp@goo.gl,Male,64
963,Joseph,jmacgrathqq@deliciousdays.com,Male,46
964,Tabbie,tshetliffqr@blinklist.com,Male,36
965,Ardisj,aabbettqs@wikimedia.org,Female,59
966,Elwood,estookesqt@chicagotribune.com,Non-binary,88
967,Eustace,ecattiniqu@jigsy.com,Male,68
968,Cariotta,cpepysqv@biglobe.ne.jp,Female,52
969,Lona,lmattisqw@accuweather.com,Female,36
970,Rhett,rbottiniqx@apache.org,Male,38
971,Corly,cbuddleighqy@hao123.com,Female,77
972,Karl,kcrichleyqz@google.it,Male,25
973,Phylis,pbrackenridger0@patch.com,Female,16
974,Aristotle,azinir1@people.com.cn,Male,21
975,Donelle,dassirattir2@springer.com,Female,85
976,Antonio,avazquezr3@cargocollective.com,Male,70
977,Winslow,wmadgettr4@ask.com,Male,37
978,Doloritas,dperchardr5@nps.gov,Female,29
979,Sydney,ssteaningr6@statcounter.com,Female,90
980,Ruddy,rherionr7@indiatimes.com,Male,63
981,Estell,erobinsr8@dmoz.org,Female,48
982,Frankie,fvalancer9@sciencedaily.com,Male,70
983,Nikki,nemorra@pcworld.com,Male,69
984,Taryn,twiffieldrb@baidu.com,Female,24
985,Karil,koretrc@list-manage.com,Female,53
986,Aubree,acollisrd@cam.ac.uk,Female,20
987,Avril,amorore@wikipedia.org,Female,22
988,Cecil,cbacchusrf@deliciousdays.com,Male,23
989,Florida,flembckerg@squarespace.com,Female,59
990,Rica,rfowleyrh@businessinsider.com,Female,55
991,Hall,hgabbyri@disqus.com,Male,85
992,Joana,jworpolerj@comsenz.com,Female,12
993,Jenine,jallainrk@illinois.edu,Female,70
994,Friedrick,fhuardrl@comcast.net,Male,20
995,Trudi,tbraggintonrm@plala.or.jp,Female,29
996,Alistair,alindemannrn@163.com,Male,70
997,Port,pcrockro@wired.com,Non-binary,43
998,Case,crowswellrp@nbcnews.com,Male,25
999,Perren,paldwickrq@chron.com,Male,70
1000,Parsifal,pcunradorr@usa.gov,Male,53
